flightNo,departureAirportIATA,arrivalAirportIATA,airlineIATA,departureWeekday,departureTime,arrivalWeekday,arrivalTime,seatPrice
Q30,YYZ,LAX,Q3,Sunday,6:35,Sunday,14:3,415
YM1,YYZ,YWG,YM,Friday,7:29,Friday,15:3,734
JO2,YYZ,YMM,JO,Tuesday,1:13,Tuesday,16:32,532
BN3,YYZ,MIA,BN,Tuesday,2:33,Tuesday,15:12,327
WK4,YYZ,POP,WK,Monday,2:1,Monday,13:40,521
EW5,YYZ,SXM,EW,Friday,12:26,Friday,15:52,816
ZP6,YYZ,SVO,ZP,Monday,1:23,Monday,17:12,118
H27,YYZ,PIT,H2,Wednesday,9:14,Wednesday,18:47,117
GV8,YYZ,YQB,GV,Tuesday,5:3,Tuesday,13:18,632
AL9,YYZ,AMS,AL,Monday,4:32,Monday,14:14,890
I610,YYZ,GEO,I6,Thursday,1:19,Thursday,17:52,580
AK11,YYZ,YYB,AK,Tuesday,3:6,Tuesday,13:22,418
5E12,YYZ,SNU,5E,Sunday,10:41,Sunday,21:46,480
TP13,YYZ,BDL,TP,Tuesday,10:19,Tuesday,21:16,813
PP14,YYZ,LAS,PP,Tuesday,3:22,Tuesday,18:32,732
9Q15,YYZ,MDT,9Q,Monday,8:29,Monday,17:20,250
HA16,YYZ,EWR,HA,Saturday,2:45,Saturday,14:29,613
PC17,YYZ,ANU,PC,Saturday,7:29,Saturday,20:27,908
XN18,YYZ,MSP,XN,Wednesday,9:8,Wednesday,19:16,728
KG19,YYZ,YQM,KG,Tuesday,4:22,Tuesday,15:18,882
LO20,YYZ,LIM,LO,Tuesday,4:45,Tuesday,16:6,117
XR21,YYZ,YDF,XR,Saturday,6:2,Saturday,21:57,467
WW22,YYZ,ANU,WW,Thursday,4:56,Thursday,16:27,420
SL23,YYZ,GND,SL,Friday,11:33,Friday,19:10,358
CW24,YYZ,GRU,CW,Monday,10:28,Monday,22:2,993
Q325,YYZ,AUA,Q3,Monday,9:19,Monday,13:58,835
J326,YYZ,IST,J3,Monday,1:57,Monday,18:11,933
AF27,YYZ,YAM,AF,Tuesday,12:16,Tuesday,23:35,756
OZ28,YYZ,YDF,OZ,Sunday,7:28,Sunday,23:21,933
YC29,YYZ,PHL,YC,Thursday,11:16,Thursday,16:26,505
IQ30,YYZ,YXU,IQ,Saturday,7:44,Saturday,16:33,588
PN31,YYZ,KEF,PN,Sunday,10:11,Sunday,20:44,426
KA32,YYZ,DEN,KA,Sunday,1:2,Sunday,13:5,179
IY33,YYZ,VIE,IY,Thursday,2:27,Thursday,21:53,702
2B34,YYZ,YVR,2B,Friday,10:22,Friday,16:22,599
FV35,YYZ,CAI,FV,Sunday,10:55,Sunday,13:21,962
5Q36,YYZ,VIE,5Q,Tuesday,2:43,Tuesday,19:44,757
QW37,YYZ,GGT,QW,Thursday,9:27,Thursday,21:58,249
U838,YYZ,GEO,U8,Friday,12:40,Friday,13:59,413
YL39,YYZ,WAW,YL,Wednesday,1:10,Wednesday,16:57,476
L540,YYZ,CPH,L5,Friday,0:50,Friday,22:16,252
SX41,YYZ,CPH,SX,Tuesday,3:27,Tuesday,16:24,282
2J42,YYZ,FRA,2J,Friday,12:54,Friday,17:57,107
H843,YYZ,YUL,H8,Sunday,8:47,Sunday,22:20,845
I844,YYZ,BDA,I8,Sunday,6:11,Sunday,20:26,870
GL45,YYZ,FRA,GL,Wednesday,5:51,Wednesday,15:50,518
GH46,YYZ,POS,GH,Monday,11:55,Monday,14:40,955
A747,YYZ,LHR,A7,Tuesday,12:13,Tuesday,14:29,191
VZ48,YYZ,CPH,VZ,Tuesday,1:26,Tuesday,20:38,627
OY49,YYZ,DUB,OY,Monday,5:56,Monday,15:43,592
MS50,YYZ,GLA,MS,Friday,2:45,Friday,19:49,264
ZW51,YYZ,SAN,ZW,Tuesday,12:40,Tuesday,20:26,888
8J52,YYZ,PIT,8J,Tuesday,1:45,Tuesday,22:31,795
GF53,YYZ,POP,GF,Friday,10:8,Friday,16:25,456
V754,YYZ,IND,V7,Thursday,10:16,Thursday,23:35,876
PV55,YYZ,BDA,PV,Friday,3:18,Friday,18:9,514
FH56,YYZ,JED,FH,Saturday,9:50,Saturday,17:1,346
YM57,YYZ,DTW,YM,Wednesday,7:3,Wednesday,17:0,454
MA58,YYZ,SAL,MA,Tuesday,11:7,Tuesday,17:46,398
YY59,YYZ,YYT,YY,Thursday,2:58,Thursday,13:21,364
ME60,YYZ,YDF,ME,Sunday,8:46,Sunday,17:42,465
QP61,YYZ,TPE,QP,Tuesday,11:7,Tuesday,20:50,134
PT62,YYZ,PTY,PT,Wednesday,1:12,Wednesday,22:11,706
EL63,YYZ,VKO,EL,Saturday,10:33,Saturday,14:36,697
PA64,YYZ,POS,PA,Friday,11:19,Friday,13:43,903
GW65,YYZ,VKO,GW,Saturday,9:4,Saturday,19:23,553
NH66,YYZ,WAW,NH,Sunday,2:35,Sunday,22:7,158
J567,YYZ,ICN,J5,Wednesday,11:5,Wednesday,21:35,756
TO68,YYZ,ATL,TO,Tuesday,6:30,Tuesday,13:49,886
VE69,YYZ,GRU,VE,Thursday,2:41,Thursday,21:26,870
RQ70,YYZ,CCC,RQ,Tuesday,9:12,Tuesday,23:59,758
XL71,YYZ,GND,XL,Sunday,7:15,Sunday,23:59,948
7O72,YYZ,VIE,7O,Friday,8:30,Friday,22:24,646
W573,YYZ,PLS,W5,Thursday,4:43,Thursday,21:33,836
CG74,YYZ,FRA,CG,Friday,11:8,Friday,17:53,740
GS75,YYZ,SJO,GS,Wednesday,1:0,Wednesday,16:51,439
8K76,YYZ,YYG,8K,Friday,2:47,Friday,21:16,381
1B77,YYZ,BDA,1B,Sunday,7:20,Sunday,17:33,622
3T78,YYZ,CLE,3T,Friday,4:51,Friday,13:46,873
8A79,YYZ,MUC,8A,Friday,6:38,Friday,19:27,147
TX80,YYZ,ATH,TX,Friday,7:46,Friday,16:8,145
K281,YYZ,CUN,K2,Monday,2:1,Monday,14:51,259
0P82,YYZ,UVF,0P,Monday,2:5,Monday,22:21,149
OJ83,YYZ,TPE,OJ,Friday,10:8,Friday,13:23,544
NH84,YYZ,VIE,NH,Thursday,10:54,Thursday,23:15,111
HU85,YYZ,JFK,HU,Thursday,2:51,Thursday,17:23,775
J586,YYZ,CMH,J5,Monday,9:52,Monday,23:20,174
AA87,YYZ,YDF,AA,Saturday,0:35,Saturday,15:52,283
BZ88,YYZ,YXU,BZ,Monday,12:47,Monday,16:31,375
MU89,YYZ,ANU,MU,Saturday,1:56,Saturday,23:5,550
PJ90,YYZ,EWR,PJ,Thursday,8:59,Thursday,21:6,823
3Q91,YYZ,PHX,3Q,Saturday,11:41,Saturday,20:42,720
GH92,YYZ,MIA,GH,Friday,9:58,Friday,22:8,617
3M93,YYZ,PHX,3M,Wednesday,11:2,Wednesday,22:37,520
JN94,YYZ,DCA,JN,Thursday,7:44,Thursday,18:20,156
U895,YYZ,VIE,U8,Tuesday,12:56,Tuesday,17:30,586
ZY96,YYZ,PEK,ZY,Tuesday,10:5,Tuesday,16:7,596
GG97,YYZ,YQB,GG,Friday,3:55,Friday,15:49,964
4K98,YYZ,DCA,4K,Friday,0:20,Friday,18:7,383
5P99,YYZ,PVG,5P,Friday,6:13,Friday,14:29,169
E2100,YYZ,TPE,E2,Saturday,1:43,Saturday,20:21,668
9J101,YYZ,ICN,9J,Wednesday,0:3,Wednesday,16:56,156
JZ102,YYZ,CPH,JZ,Thursday,12:50,Thursday,16:40,446
HU103,YYZ,DUB,HU,Sunday,12:9,Sunday,19:37,881
OI104,YYZ,GEO,OI,Friday,11:46,Friday,15:1,129
H2105,YYZ,JFK,H2,Sunday,9:4,Sunday,14:56,997
U2106,YYZ,MEX,U2,Sunday,9:30,Sunday,21:46,142
U3107,YYZ,ATL,U3,Wednesday,11:17,Wednesday,22:43,279
DF108,YYZ,SAL,DF,Saturday,10:49,Saturday,15:55,583
MD109,YYZ,PIT,MD,Tuesday,7:43,Tuesday,21:56,952
9A110,YYZ,CLE,9A,Wednesday,6:42,Wednesday,14:21,144
8D111,YYZ,CDG,8D,Tuesday,6:43,Tuesday,17:27,595
S4112,YYZ,PEK,S4,Thursday,1:15,Thursday,17:30,710
Q7113,YYZ,MAN,Q7,Friday,0:37,Friday,19:53,781
P8114,YYZ,YQG,P8,Sunday,4:36,Sunday,19:39,141
C5115,YYZ,VCE,C5,Thursday,5:39,Thursday,16:21,790
8D116,YYZ,UVF,8D,Sunday,10:6,Sunday,23:23,515
R6117,YYZ,DEN,R6,Tuesday,12:20,Tuesday,13:42,326
LU118,YYZ,YMM,LU,Monday,6:6,Monday,23:49,882
UP119,YYZ,ORD,UP,Saturday,8:8,Saturday,17:0,479
CB120,YYZ,YQG,CB,Friday,6:27,Friday,14:52,474
I4121,YYZ,MEX,I4,Saturday,4:26,Saturday,20:23,426
9J122,YYZ,KIN,9J,Sunday,11:21,Sunday,18:17,535
BE123,YYZ,CCC,BE,Monday,8:36,Monday,22:42,290
Y8124,YYZ,MSY,Y8,Wednesday,0:11,Wednesday,14:55,971
ZM125,YYZ,DUB,ZM,Sunday,12:28,Sunday,19:30,804
X3126,YYZ,YOW,X3,Tuesday,3:6,Tuesday,21:25,430
O2127,YYZ,CMW,O2,Thursday,12:47,Thursday,13:56,780
Q6128,YYZ,SEA,Q6,Friday,1:41,Friday,19:20,521
VV129,YYZ,YMM,VV,Sunday,2:20,Sunday,18:11,921
QT130,YYZ,FRA,QT,Friday,9:45,Friday,19:13,311
AW131,YYZ,UVF,AW,Sunday,11:6,Sunday,17:3,148
9A132,YYZ,MSY,9A,Thursday,9:58,Thursday,21:35,518
2U133,YYZ,ANU,2U,Sunday,6:20,Sunday,21:49,207
CZ134,YYZ,MIA,CZ,Thursday,5:45,Thursday,19:33,973
ER135,YYZ,JFK,ER,Sunday,11:35,Sunday,17:3,531
PE136,YYZ,SJO,PE,Tuesday,9:20,Tuesday,16:41,608
6G137,YYZ,VRA,6G,Saturday,4:13,Saturday,18:47,111
IG138,YYZ,CVG,IG,Sunday,3:52,Sunday,13:41,181
DX139,YYZ,NAS,DX,Tuesday,7:6,Tuesday,19:33,632
O8140,YYZ,BOS,O8,Wednesday,6:36,Wednesday,13:52,292
D1141,YYZ,GND,D1,Saturday,12:27,Saturday,21:22,359
JA142,YYZ,SEA,JA,Friday,3:32,Friday,18:46,919
MA143,YYZ,MKE,MA,Friday,5:2,Friday,19:36,232
AO144,YYZ,YYT,AO,Monday,11:47,Monday,14:55,610
9T145,YYZ,GLA,9T,Sunday,0:4,Sunday,23:19,659
NL146,YYZ,DXB,NL,Tuesday,6:7,Tuesday,18:49,106
EY147,YYZ,MBJ,EY,Saturday,2:29,Saturday,14:35,551
XV148,YYZ,ATH,XV,Tuesday,0:24,Tuesday,18:18,549
MR149,YYZ,AMS,MR,Wednesday,10:36,Wednesday,16:4,209
LV150,YYZ,CAI,LV,Friday,5:41,Friday,17:48,237
NL151,YYZ,ZRH,NL,Monday,9:3,Monday,20:30,665
AF152,YYZ,YMM,AF,Friday,4:8,Friday,18:26,271
UH153,YYZ,GLA,UH,Wednesday,6:2,Wednesday,19:59,824
3L154,YYZ,VIE,3L,Sunday,8:56,Sunday,19:52,655
HE155,YYZ,GRU,HE,Friday,8:55,Friday,14:50,238
2L156,YYZ,PTY,2L,Saturday,2:23,Saturday,23:22,572
GG157,YYZ,SJU,GG,Thursday,11:3,Thursday,21:16,421
WF158,YYZ,DTW,WF,Monday,7:32,Monday,16:49,665
ZG159,YYZ,SEA,ZG,Tuesday,3:2,Tuesday,22:44,626
RS160,YYZ,IAD,RS,Saturday,12:51,Saturday,14:55,911
MW161,YYZ,PUJ,MW,Monday,9:44,Monday,21:17,287
EC162,YYZ,JED,EC,Tuesday,0:57,Tuesday,18:41,761
RH163,YYZ,YFC,RH,Saturday,0:17,Saturday,14:5,184
FF164,YYZ,FLL,FF,Friday,9:34,Friday,23:41,421
MS165,YYZ,CDG,MS,Friday,7:23,Friday,21:51,872
SJ166,YYZ,IAD,SJ,Thursday,1:24,Thursday,15:7,478
FK167,YYZ,PEK,FK,Friday,6:31,Friday,15:35,868
GT168,YYZ,RSW,GT,Monday,12:7,Monday,19:37,984
S2169,YYZ,GEO,S2,Sunday,8:13,Sunday,18:2,757
XX170,YYZ,SJU,XX,Thursday,3:1,Thursday,23:46,388
WM171,YYZ,BGI,WM,Friday,9:53,Friday,13:16,305
Q4172,YYZ,KHI,Q4,Monday,6:57,Monday,16:41,950
BG173,YYZ,FLL,BG,Wednesday,6:49,Wednesday,16:53,718
J5174,YYZ,HAV,J5,Friday,1:2,Friday,14:9,883
WD175,YYZ,YAM,WD,Tuesday,11:20,Tuesday,15:0,485
IA176,YYZ,YDF,IA,Sunday,12:55,Sunday,14:16,517
PZ177,YYZ,GCM,PZ,Tuesday,4:23,Tuesday,13:11,618
9R178,YYZ,YDF,9R,Monday,11:35,Monday,14:49,885
UB179,YYZ,FCO,UB,Sunday,5:8,Sunday,20:47,835
TT180,YYZ,YDF,TT,Monday,1:12,Monday,17:55,125
6C181,YYZ,LIR,6C,Saturday,1:59,Saturday,13:26,106
5J182,YYZ,CMW,5J,Monday,8:32,Monday,19:30,397
PP183,YYZ,BDL,PP,Friday,11:37,Friday,22:0,454
D3184,YYZ,BCN,D3,Tuesday,12:14,Tuesday,19:46,141
QS185,YYZ,VRA,QS,Friday,7:15,Friday,15:33,428
W3186,YYZ,BCN,W3,Tuesday,12:12,Tuesday,16:55,957
PQ187,YYZ,ANU,PQ,Friday,8:4,Friday,17:5,242
B3188,YYZ,ROC,B3,Wednesday,12:40,Wednesday,22:48,611
AA189,YYZ,IAD,AA,Friday,3:21,Friday,21:28,720
M8190,YYZ,VRA,M8,Saturday,12:56,Saturday,17:20,825
BT191,YYZ,IAH,BT,Friday,2:53,Friday,19:53,508
T0192,YYZ,CAI,T0,Friday,11:6,Friday,17:9,625
CT193,YYZ,YSB,CT,Tuesday,2:59,Tuesday,17:46,208
DN194,YYZ,YSB,DN,Friday,1:12,Friday,16:47,933
KC195,YYZ,VIE,KC,Wednesday,9:56,Wednesday,17:22,138
4T196,YYZ,KIN,4T,Monday,12:26,Monday,18:5,537
BT197,YYZ,CLT,BT,Wednesday,2:5,Wednesday,22:58,676
TW198,YYZ,TPE,TW,Sunday,2:21,Sunday,14:30,153
T6199,YYZ,ANU,T6,Tuesday,2:42,Tuesday,14:53,135
XX200,YYZ,GEO,XX,Sunday,8:52,Sunday,14:14,271
Z8201,YYZ,YLW,Z8,Monday,10:9,Monday,16:55,149
E5202,YYZ,DEN,E5,Saturday,12:35,Saturday,20:54,904
S8203,YYZ,ADD,S8,Monday,1:32,Monday,15:39,734
Y1204,YYZ,ICN,Y1,Tuesday,10:20,Tuesday,21:0,663
ON205,YYZ,AMS,ON,Sunday,6:48,Sunday,13:49,171
DG206,YYZ,CCC,DG,Wednesday,7:52,Wednesday,18:57,119
BH207,YYZ,LIS,BH,Monday,3:19,Monday,22:51,903
MQ208,YYZ,YUL,MQ,Tuesday,8:29,Tuesday,23:52,230
B8209,YYZ,YQR,B8,Friday,5:13,Friday,21:27,746
PM210,YYZ,TLV,PM,Monday,4:2,Monday,15:26,507
GH211,YYZ,SJU,GH,Monday,2:44,Monday,21:28,702
MD212,YYZ,AUA,MD,Saturday,12:24,Saturday,21:28,676
I2213,YYZ,LHE,I2,Sunday,2:9,Sunday,17:55,211
Z3214,YYZ,IST,Z3,Monday,11:45,Monday,18:38,657
AZ215,YYZ,GGT,AZ,Friday,11:8,Friday,22:54,837
1C216,YYZ,LHE,1C,Monday,10:22,Monday,16:6,567
AG217,YYZ,BOS,AG,Tuesday,7:14,Tuesday,15:26,998
VU218,YYZ,NRT,VU,Sunday,8:26,Sunday,13:35,535
NJ219,YYZ,ZRH,NJ,Wednesday,12:35,Wednesday,23:31,108
HH220,YYZ,GLA,HH,Friday,12:3,Friday,13:39,801
MO221,YYZ,GGT,MO,Saturday,9:23,Saturday,14:48,983
NB222,YYZ,GCM,NB,Monday,2:10,Monday,15:28,444
O1223,YYZ,ZRH,O1,Wednesday,11:6,Wednesday,23:42,888
YL224,YYZ,VIE,YL,Saturday,11:42,Saturday,22:35,292
5P225,YYZ,CDG,5P,Sunday,10:31,Sunday,17:55,270
DA226,YYZ,POS,DA,Monday,1:37,Monday,17:6,617
VL227,YYZ,SNU,VL,Tuesday,11:57,Tuesday,15:32,136
6Y228,YYZ,MSY,6Y,Wednesday,4:53,Wednesday,18:21,622
S4229,YYZ,AZS,S4,Thursday,1:11,Thursday,17:57,855
WN230,YYZ,PDL,WN,Sunday,1:10,Sunday,16:48,855
GT231,YYZ,POS,GT,Saturday,6:34,Saturday,19:38,451
TJ232,YYZ,RDU,TJ,Wednesday,6:23,Wednesday,13:8,765
MF233,YYZ,MCO,MF,Friday,9:25,Friday,13:44,758
YO234,YYZ,FLL,YO,Saturday,4:21,Saturday,22:46,646
QS235,YYZ,GND,QS,Saturday,4:24,Saturday,23:4,775
E2236,YYZ,CLE,E2,Wednesday,11:32,Wednesday,22:39,256
ZI237,YYZ,GRU,ZI,Tuesday,8:49,Tuesday,13:24,425
I3238,YYZ,DCA,I3,Saturday,8:53,Saturday,19:13,640
CN239,YYZ,POS,CN,Tuesday,1:24,Tuesday,17:32,839
DI240,YYZ,CVG,DI,Sunday,7:2,Sunday,13:8,436
LM241,YYZ,LAS,LM,Friday,5:45,Friday,19:41,914
TF242,YYZ,SAN,TF,Saturday,0:24,Saturday,18:19,614
EQ243,YYZ,ANU,EQ,Wednesday,1:7,Wednesday,15:34,492
U3244,YYZ,LHR,U3,Saturday,11:39,Saturday,19:50,763
U3245,YYZ,YDF,U3,Friday,2:42,Friday,22:23,456
JA246,YYZ,GND,JA,Tuesday,6:8,Tuesday,14:20,260
P8247,YYZ,BNA,P8,Sunday,0:55,Sunday,13:39,186
PA248,YYZ,PHX,PA,Friday,12:54,Friday,20:49,876
PC249,YYZ,YXE,PC,Saturday,0:50,Saturday,22:55,871
JQ250,YYZ,ATL,JQ,Thursday,2:9,Thursday,22:8,458
WV251,YYZ,KEF,WV,Wednesday,10:46,Wednesday,15:48,200
B0252,YYZ,NAS,B0,Sunday,5:18,Sunday,14:45,405
9H253,YYZ,SCL,9H,Saturday,5:3,Saturday,21:43,450
DH254,YYZ,MKE,DH,Wednesday,6:55,Wednesday,14:28,654
EO255,YYZ,MDT,EO,Saturday,8:11,Saturday,20:29,861
1T256,YYZ,BDL,1T,Wednesday,1:43,Wednesday,15:57,983
2T257,YYZ,YFC,2T,Wednesday,12:13,Wednesday,17:55,774
UU258,YYZ,POP,UU,Thursday,10:36,Thursday,19:47,477
U8259,YYZ,NRT,U8,Thursday,9:38,Thursday,16:24,661
8F260,YYZ,LHE,8F,Friday,2:38,Friday,16:47,879
WU261,YYZ,BGI,WU,Monday,4:40,Monday,15:55,262
BP262,YYZ,POP,BP,Wednesday,2:17,Wednesday,18:47,751
Y5263,YYZ,YQB,Y5,Wednesday,11:59,Wednesday,17:26,739
BT264,YYZ,CCC,BT,Tuesday,9:24,Tuesday,22:25,437
FI265,YYZ,ZRH,FI,Tuesday,1:50,Tuesday,21:13,846
QP266,YYZ,LIS,QP,Tuesday,0:28,Tuesday,20:53,250
FC267,YYZ,MEX,FC,Friday,4:24,Friday,16:43,377
LW268,YYZ,PDL,LW,Wednesday,0:12,Wednesday,15:22,427
B7269,YYZ,MBJ,B7,Friday,7:21,Friday,18:22,234
RO270,YYZ,PHX,RO,Thursday,3:38,Thursday,16:15,812
VK271,YYZ,TLV,VK,Tuesday,11:33,Tuesday,13:44,924
LB272,YYZ,DTW,LB,Friday,4:13,Friday,23:4,846
VQ273,YYZ,MYR,VQ,Sunday,2:33,Sunday,17:16,204
BK274,YYZ,MSP,BK,Monday,5:18,Monday,22:7,606
GX275,YYZ,TPA,GX,Monday,2:30,Monday,20:3,892
EO276,YYZ,YUL,EO,Wednesday,8:34,Wednesday,23:24,114
4G277,YYZ,YGK,4G,Friday,6:0,Friday,15:49,400
B6278,YYZ,LAS,B6,Friday,1:1,Friday,14:59,105
LT279,YYZ,ATL,LT,Friday,2:8,Friday,22:51,641
5W280,YYZ,STL,5W,Wednesday,5:45,Wednesday,18:58,417
V2281,YYZ,MCO,V2,Thursday,9:25,Thursday,17:44,813
BT282,YYZ,YQG,BT,Tuesday,12:58,Tuesday,19:7,872
RL283,YYZ,YSJ,RL,Tuesday,11:5,Tuesday,17:39,709
FT284,YYZ,CMH,FT,Sunday,1:37,Sunday,23:13,248
E2285,YYZ,LAS,E2,Sunday,9:41,Sunday,19:4,258
IR286,YYZ,YQB,IR,Tuesday,10:50,Tuesday,15:46,731
CZ287,YYZ,POP,CZ,Thursday,11:38,Thursday,15:27,241
K7288,YYZ,ATH,K7,Sunday,4:40,Sunday,21:17,378
LG289,YYZ,SJO,LG,Saturday,2:21,Saturday,22:37,917
JZ290,YYZ,YWG,JZ,Monday,11:42,Monday,22:8,204
QP291,YYZ,FRA,QP,Tuesday,4:25,Tuesday,16:48,781
5E292,YYZ,KHI,5E,Friday,2:9,Friday,18:54,817
WM293,YYZ,YQY,WM,Thursday,3:39,Thursday,14:11,189
L1294,YYZ,SAL,L1,Saturday,3:41,Saturday,22:40,104
BN295,YYZ,NRT,BN,Wednesday,9:33,Wednesday,15:49,768
2S296,YYZ,CCC,2S,Sunday,12:42,Sunday,23:33,882
F5297,YYZ,YXE,F5,Thursday,10:24,Thursday,22:56,395
3S298,YYZ,AMS,3S,Sunday,0:36,Sunday,16:16,856
B3299,YYZ,YSJ,B3,Wednesday,9:45,Wednesday,23:42,711
V2300,YYZ,RSW,V2,Friday,0:53,Friday,13:22,176
nan301,YYZ,CLE,,Wednesday,10:36,Wednesday,18:56,299
JH302,YYZ,PUJ,JH,Saturday,12:1,Saturday,20:21,906
AX303,YYZ,YYC,AX,Tuesday,0:21,Tuesday,18:42,445
JC304,YYZ,SXM,JC,Monday,0:53,Monday,13:54,368
XK305,YYZ,IAD,XK,Sunday,11:46,Sunday,13:31,579
1B306,YYZ,BWI,1B,Monday,6:4,Monday,21:3,468
Z8307,YYZ,LIS,Z8,Friday,10:32,Friday,23:10,413
JW308,YYZ,AZS,JW,Thursday,11:46,Thursday,18:53,158
9S309,YYZ,YYB,9S,Saturday,1:24,Saturday,20:25,406
B3310,YYZ,SFO,B3,Monday,5:45,Monday,18:40,621
OC311,YYZ,YGK,OC,Friday,9:18,Friday,16:48,845
T6312,YYZ,TPA,T6,Thursday,7:8,Thursday,16:47,826
YH313,YYZ,YXE,YH,Thursday,3:37,Thursday,23:23,651
ZK314,YYZ,SVO,ZK,Wednesday,11:1,Wednesday,16:51,182
TB315,YYZ,SFO,TB,Wednesday,6:48,Wednesday,17:41,320
D3316,YYZ,YXE,D3,Thursday,4:15,Thursday,22:5,173
A4317,YYZ,KIN,A4,Tuesday,3:4,Tuesday,16:47,676
NB318,YYZ,ATL,NB,Friday,9:44,Friday,15:41,409
U4319,YYZ,JFK,U4,Monday,7:14,Monday,20:44,542
AO320,YYZ,ATH,AO,Tuesday,6:23,Tuesday,16:48,233
R4321,YYZ,MKE,R4,Monday,0:34,Monday,22:49,420
NT322,YYZ,PVG,NT,Tuesday,5:50,Tuesday,22:43,714
EG323,YYZ,DFW,EG,Tuesday,10:48,Tuesday,17:0,234
IQ324,YYZ,SYR,IQ,Thursday,1:10,Thursday,16:36,558
C5325,YYZ,YTS,C5,Friday,11:36,Friday,17:50,474
8B326,YYZ,MAN,8B,Tuesday,10:29,Tuesday,16:21,847
LS327,YYZ,CLT,LS,Wednesday,2:13,Wednesday,13:23,157
BC328,YYZ,YAM,BC,Saturday,8:39,Saturday,13:24,538
AR329,YYZ,ORD,AR,Tuesday,9:3,Tuesday,18:55,428
BE330,YYZ,PIT,BE,Sunday,10:52,Sunday,14:37,491
S9331,YYZ,DTW,S9,Friday,1:57,Friday,20:36,496
S0332,YYZ,LIR,S0,Monday,10:47,Monday,23:5,705
0Y333,YYZ,MDT,0Y,Wednesday,5:23,Wednesday,21:24,377
6D334,YYZ,AUH,6D,Wednesday,9:50,Wednesday,22:26,443
6E335,YYZ,BDL,6E,Wednesday,11:2,Wednesday,15:20,460
UE336,YYZ,YAM,UE,Sunday,12:6,Sunday,21:19,725
W3337,YYZ,POS,W3,Saturday,5:16,Saturday,23:26,381
DD338,YYZ,JED,DD,Wednesday,0:6,Wednesday,19:3,899
OY339,YYZ,PDL,OY,Saturday,9:57,Saturday,14:11,982
H5340,YYZ,PDL,H5,Monday,11:42,Monday,23:39,145
2I341,YYZ,PEK,2I,Friday,8:40,Friday,23:11,311
KC342,YYZ,SEA,KC,Saturday,3:46,Saturday,19:0,244
HC343,YYZ,YWG,HC,Tuesday,3:47,Tuesday,22:6,248
8T344,YYZ,DEN,8T,Friday,5:24,Friday,14:1,679
NP345,YYZ,DUB,NP,Thursday,0:52,Thursday,22:35,514
3O346,YYZ,TPE,3O,Tuesday,12:14,Tuesday,16:33,873
IV347,YYZ,SYR,IV,Monday,1:6,Monday,15:3,829
JS348,YYZ,MCO,JS,Tuesday,12:49,Tuesday,17:35,761
JQ349,YYZ,MDT,JQ,Tuesday,12:41,Tuesday,21:52,824
IO350,YYZ,MDT,IO,Thursday,4:13,Thursday,18:42,101
ZE351,YYZ,YEG,ZE,Sunday,3:8,Sunday,22:54,143
HO352,YYZ,YYT,HO,Thursday,2:51,Thursday,20:4,128
U9353,YYZ,GCM,U9,Sunday,7:58,Sunday,14:43,606
UB354,YYZ,KEF,UB,Monday,3:42,Monday,13:38,290
1X355,YYZ,LHE,1X,Sunday,10:48,Sunday,20:59,170
Y5356,YYZ,BGI,Y5,Wednesday,7:15,Wednesday,17:57,734
IO357,YYZ,SYR,IO,Saturday,3:25,Saturday,16:15,710
L9358,YYZ,LHE,L9,Thursday,1:33,Thursday,22:0,999
TR359,YYZ,MBJ,TR,Sunday,1:40,Sunday,14:45,865
BV360,YYZ,MIA,BV,Friday,8:51,Friday,20:2,362
WX361,YYZ,PDL,WX,Monday,4:18,Monday,16:40,189
DA362,YYZ,BOS,DA,Tuesday,10:34,Tuesday,14:29,664
GP363,YYZ,YQM,GP,Wednesday,3:51,Wednesday,23:13,865
IA364,YYZ,YYT,IA,Monday,9:31,Monday,17:17,319
M2365,YYZ,YOW,M2,Sunday,0:22,Sunday,14:5,998
FO366,YYZ,CMH,FO,Thursday,4:2,Thursday,13:34,930
OS367,YYZ,MAN,OS,Tuesday,7:31,Tuesday,14:2,881
NF368,YYZ,CCC,NF,Tuesday,12:23,Tuesday,16:9,667
RQ369,YYZ,YYJ,RQ,Saturday,7:58,Saturday,14:8,836
CH370,YYZ,YEG,CH,Monday,8:28,Monday,20:46,478
ZW371,YYZ,DEN,ZW,Sunday,10:18,Sunday,18:3,711
DN372,YYZ,YQB,DN,Wednesday,3:7,Wednesday,18:5,335
TS373,YYZ,PHX,TS,Monday,4:15,Monday,19:46,704
J8374,YYZ,MCO,J8,Thursday,6:27,Thursday,18:44,273
HZ375,YYZ,YAM,HZ,Thursday,2:39,Thursday,19:59,766
ZY376,YYZ,HOG,ZY,Tuesday,1:44,Tuesday,15:12,911
WS377,YYZ,PLS,WS,Saturday,0:56,Saturday,14:39,942
PW378,YYZ,VRA,PW,Monday,7:3,Monday,15:9,478
OS379,YYZ,DEN,OS,Monday,10:36,Monday,20:7,416
TB380,YYZ,MEX,TB,Sunday,5:34,Sunday,17:39,351
DF381,YYZ,PEK,DF,Thursday,0:14,Thursday,16:33,950
NQ382,YYZ,SXM,NQ,Friday,9:21,Friday,23:15,194
WC383,YYZ,SYR,WC,Monday,6:6,Monday,20:15,187
NR384,YYZ,YXU,NR,Tuesday,0:41,Tuesday,20:24,875
5E385,YYZ,YQT,5E,Wednesday,4:54,Wednesday,20:3,255
WW386,YYZ,SCL,WW,Sunday,11:27,Sunday,23:37,789
4T387,YYZ,YYB,4T,Sunday,7:36,Sunday,18:12,709
UX388,YYZ,MDT,UX,Monday,8:59,Monday,20:56,700
1X389,YYZ,HAV,1X,Friday,4:3,Friday,16:17,547
UR390,YYZ,IAH,UR,Tuesday,4:24,Tuesday,19:9,528
7K391,YYZ,YOW,7K,Monday,2:35,Monday,14:18,694
JX392,YYZ,TPE,JX,Sunday,4:6,Sunday,18:26,390
KG393,YYZ,PEK,KG,Monday,7:5,Monday,19:45,212
H8394,YYZ,ANU,H8,Thursday,10:47,Thursday,17:40,771
BE395,YYZ,SJO,BE,Tuesday,12:24,Tuesday,14:42,576
D3396,YYZ,YOW,D3,Tuesday,9:22,Tuesday,16:32,603
T4397,YYZ,STL,T4,Saturday,5:56,Saturday,22:18,228
4D398,YYZ,BGI,4D,Wednesday,5:19,Wednesday,17:21,224
ER399,YYZ,BGI,ER,Friday,2:0,Friday,20:27,447
6F400,YYZ,SJO,6F,Saturday,6:4,Saturday,14:36,816
9V401,YYZ,ICN,9V,Monday,10:58,Monday,23:56,178
L4402,YYZ,VIE,L4,Thursday,11:42,Thursday,19:36,672
HW403,YYZ,YYC,HW,Monday,6:52,Monday,19:31,333
QV404,YYZ,AMS,QV,Sunday,9:57,Sunday,21:59,119
7H405,YYZ,BOG,7H,Sunday,0:52,Sunday,15:29,579
EL406,YYZ,YSJ,EL,Sunday,8:7,Sunday,21:31,826
HG407,YYZ,LAS,HG,Saturday,4:51,Saturday,20:20,226
ZT408,YYZ,SAN,ZT,Friday,0:11,Friday,21:32,408
CW409,YYZ,YXE,CW,Sunday,1:37,Sunday,18:42,371
YC410,YYZ,YXU,YC,Sunday,9:17,Sunday,16:34,986
QY411,YYZ,LIS,QY,Wednesday,10:4,Wednesday,16:59,625
AM412,YYZ,ICN,AM,Tuesday,7:53,Tuesday,19:16,599
BE413,YYZ,MYR,BE,Friday,11:36,Friday,21:41,787
2T414,YYZ,SVO,2T,Wednesday,7:11,Wednesday,19:10,127
ZY415,YYZ,CCC,ZY,Tuesday,7:58,Tuesday,16:45,239
0X416,YYZ,PIT,0X,Thursday,2:12,Thursday,14:25,559
OQ417,YYZ,LAX,OQ,Sunday,7:43,Sunday,14:58,865
UU418,YYZ,DUB,UU,Saturday,10:16,Saturday,18:49,166
L7419,YYZ,GGT,L7,Thursday,10:51,Thursday,22:57,498
PT420,YYZ,CCC,PT,Thursday,9:3,Thursday,18:59,767
RX421,YYZ,MCO,RX,Thursday,9:42,Thursday,14:54,359
FJ422,YYZ,SXM,FJ,Wednesday,5:21,Wednesday,21:42,879
JN423,YYZ,GCM,JN,Sunday,7:52,Sunday,18:48,165
HG424,YYZ,STL,HG,Sunday,11:27,Sunday,16:8,375
SE425,YYZ,LHE,SE,Wednesday,4:53,Wednesday,13:26,227
I8426,YYZ,YYG,I8,Saturday,4:39,Saturday,18:55,789
NW427,YYZ,YYB,NW,Monday,7:19,Monday,14:21,807
UT428,YYZ,GLA,UT,Thursday,1:30,Thursday,14:31,747
JU429,YYZ,CAI,JU,Tuesday,10:26,Tuesday,22:47,745
BY430,YYZ,YSB,BY,Friday,7:7,Friday,17:2,517
ZJ431,YYZ,PDL,ZJ,Monday,12:15,Monday,17:37,731
CV432,YYZ,YYG,CV,Tuesday,1:48,Tuesday,19:3,311
4A433,YYZ,FCO,4A,Thursday,4:18,Thursday,13:53,488
I3434,YYZ,GCM,I3,Tuesday,2:49,Tuesday,23:16,440
Q2435,YYZ,IST,Q2,Saturday,10:22,Saturday,23:15,506
DC436,YYZ,VCE,DC,Monday,1:8,Monday,13:26,972
M5437,YYZ,YXU,M5,Wednesday,7:49,Wednesday,16:30,774
CU438,YYZ,DUB,CU,Saturday,8:51,Saturday,16:33,706
SI439,YYZ,SCL,SI,Friday,12:12,Friday,13:35,972
9N440,YYZ,BDA,9N,Sunday,10:51,Sunday,15:48,511
2J441,YYZ,LHR,2J,Thursday,11:46,Thursday,13:43,626
BY442,YYZ,MAN,BY,Sunday,6:11,Sunday,17:36,724
OS443,YYZ,MAN,OS,Thursday,3:18,Thursday,20:7,548
3S444,YYZ,SXM,3S,Thursday,11:40,Thursday,22:19,871
IN445,YYZ,BDA,IN,Saturday,3:1,Saturday,19:4,532
GK446,YYZ,ROC,GK,Friday,6:48,Friday,13:53,118
6R447,YYZ,CCC,6R,Saturday,3:5,Saturday,23:19,549
JX448,YYZ,IND,JX,Tuesday,1:8,Tuesday,17:52,956
Z0449,YYZ,ZRH,Z0,Thursday,3:16,Thursday,15:58,534
4C450,YYZ,PUJ,4C,Wednesday,9:38,Wednesday,21:35,989
AF451,YYZ,IST,AF,Friday,7:29,Friday,20:19,259
EG452,YYZ,SNU,EG,Friday,5:31,Friday,20:45,951
PC453,YYZ,PUJ,PC,Friday,10:10,Friday,22:58,681
RV454,YYZ,WAW,RV,Friday,6:15,Friday,21:53,851
XK455,YYZ,SYR,XK,Wednesday,1:20,Wednesday,20:44,887
FU456,YYZ,MSP,FU,Friday,0:17,Friday,22:8,747
OJ457,YYZ,VCE,OJ,Sunday,6:39,Sunday,21:31,464
V6458,YYZ,YYC,V6,Monday,6:33,Monday,17:11,788
RD459,YYZ,GEO,RD,Monday,7:36,Monday,23:11,752
AC460,YYZ,CMW,AC,Thursday,9:7,Thursday,15:42,305
HN461,YYZ,CUN,HN,Saturday,9:38,Saturday,22:40,551
UR462,YYZ,BRU,UR,Saturday,11:41,Saturday,22:29,378
RT463,YYZ,LHR,RT,Friday,11:29,Friday,19:4,237
SS464,YYZ,YQG,SS,Monday,11:58,Monday,20:25,668
H5465,YYZ,STL,H5,Sunday,8:56,Sunday,14:18,595
8Z466,YYZ,DXB,8Z,Tuesday,9:14,Tuesday,16:51,313
WO467,YYZ,MSY,WO,Sunday,1:48,Sunday,16:52,389
SX468,YYZ,YWG,SX,Wednesday,8:5,Wednesday,18:17,891
3P469,YYZ,POS,3P,Thursday,0:4,Thursday,14:58,312
3R470,YYZ,FLL,3R,Monday,10:39,Monday,13:3,181
4X471,YYZ,SAL,4X,Thursday,4:1,Thursday,13:27,849
RM472,YYZ,MDT,RM,Sunday,7:3,Sunday,18:49,718
7J473,YYZ,TPA,7J,Tuesday,8:31,Tuesday,18:21,879
M1474,YYZ,SAL,M1,Friday,11:6,Friday,16:34,187
AC475,YYZ,AMS,AC,Saturday,0:55,Saturday,18:10,470
NW476,YYZ,NAS,NW,Monday,5:17,Monday,18:25,868
WW477,YYZ,SJO,WW,Monday,2:59,Monday,16:44,757
P9478,YYZ,SYR,P9,Sunday,1:36,Sunday,16:35,102
Z8479,YYZ,OPO,Z8,Thursday,7:29,Thursday,19:24,457
KJ480,YYZ,YQR,KJ,Wednesday,0:51,Wednesday,16:54,713
FO481,YYZ,RDU,FO,Sunday,11:18,Sunday,14:14,883
WH482,YYZ,LHR,WH,Wednesday,2:43,Wednesday,15:43,640
8D483,YYZ,YXU,8D,Wednesday,10:55,Wednesday,19:5,546
K5484,YYZ,YXU,K5,Friday,8:1,Friday,23:25,152
DG485,YYZ,SNU,DG,Thursday,1:51,Thursday,22:51,545
5Y486,YYZ,DEN,5Y,Sunday,2:50,Sunday,15:47,996
KH487,YYZ,AUH,KH,Friday,1:31,Friday,23:10,207
J7488,YYZ,SNU,J7,Friday,2:15,Friday,22:57,950
6F489,YYZ,HOG,6F,Sunday,1:28,Sunday,18:20,754
ZJ490,YYZ,BRU,ZJ,Thursday,3:30,Thursday,17:22,205
3W491,YYZ,LHR,3W,Saturday,5:9,Saturday,18:54,396
2B492,YYZ,YQB,2B,Tuesday,2:42,Tuesday,23:31,660
EA493,YYZ,YHZ,EA,Thursday,7:15,Thursday,22:33,946
6E494,YYZ,YWG,6E,Sunday,4:16,Sunday,18:21,221
8T495,YYZ,HOG,8T,Friday,4:30,Friday,16:22,466
SG496,YYZ,LHR,SG,Friday,3:21,Friday,16:36,701
JW497,YYZ,GEO,JW,Thursday,7:28,Thursday,19:41,186
ZT498,YYZ,CVG,ZT,Wednesday,3:46,Wednesday,19:34,752
Z4499,YYZ,MBJ,Z4,Wednesday,11:41,Wednesday,18:54,719
K6500,YYZ,HKG,K6,Tuesday,12:28,Tuesday,21:8,734
PD501,YYZ,YQR,PD,Sunday,12:20,Sunday,15:5,142
6E502,YYZ,TLV,6E,Saturday,1:2,Saturday,13:38,412
6I503,YYZ,YFC,6I,Monday,9:30,Monday,21:27,486
QL504,YYZ,PDL,QL,Friday,12:41,Friday,20:8,719
KR505,YYZ,KIN,KR,Wednesday,3:48,Wednesday,22:18,278
1K506,YYZ,AMS,1K,Tuesday,1:40,Tuesday,19:37,292
1T507,YYZ,BNA,1T,Wednesday,8:1,Wednesday,16:25,115
7R508,YYZ,FCO,7R,Saturday,12:7,Saturday,13:40,481
J4509,YYZ,GND,J4,Thursday,1:35,Thursday,22:44,236
Y7510,YYZ,PUJ,Y7,Friday,9:35,Friday,19:45,892
HT511,YYZ,BDL,HT,Monday,6:51,Monday,20:57,454
VL512,YYZ,MCI,VL,Tuesday,12:35,Tuesday,13:25,176
M2513,YYZ,STL,M2,Sunday,4:13,Sunday,15:29,973
IX514,YYZ,ROC,IX,Tuesday,10:42,Tuesday,14:21,873
6I515,YYZ,MBJ,6I,Saturday,1:58,Saturday,13:37,984
4K516,YYZ,SEA,4K,Sunday,2:43,Sunday,16:18,587
ZK517,YYZ,CMW,ZK,Thursday,4:23,Thursday,23:2,107
7L518,YYZ,BDA,7L,Sunday,7:4,Sunday,13:54,798
9C519,YYZ,LGW,9C,Sunday,8:29,Sunday,18:37,670
WR520,YYZ,PEK,WR,Thursday,2:23,Thursday,18:55,118
RM521,YYZ,KEF,RM,Sunday,6:51,Sunday,16:51,497
FY522,YYZ,TPE,FY,Thursday,4:46,Thursday,21:29,998
C4523,YYZ,YXU,C4,Tuesday,2:39,Tuesday,19:25,887
XL524,YYZ,VKO,XL,Friday,5:58,Friday,20:18,670
J8525,YYZ,PDL,J8,Tuesday,3:49,Tuesday,21:20,518
DL526,YYZ,NRT,DL,Saturday,0:33,Saturday,22:17,572
CZ527,YYZ,FCO,CZ,Friday,5:6,Friday,15:56,235
AV528,YYZ,SXM,AV,Friday,4:48,Friday,19:33,430
IW529,YYZ,YQR,IW,Thursday,10:34,Thursday,20:28,799
DC530,YYZ,HOG,DC,Friday,7:5,Friday,19:46,226
5T531,YYZ,MSP,5T,Sunday,9:49,Sunday,19:59,915
5N532,YYZ,YQR,5N,Saturday,4:58,Saturday,20:33,359
3R533,YYZ,LHE,3R,Saturday,6:32,Saturday,13:20,319
ER534,YYZ,SEA,ER,Tuesday,12:52,Tuesday,13:5,312
2D535,YYZ,SCL,2D,Thursday,11:6,Thursday,22:51,463
EO536,YYZ,MSY,EO,Sunday,10:5,Sunday,15:9,228
EX537,YYZ,AUH,EX,Monday,9:32,Monday,23:10,226
IB538,YYZ,MCI,IB,Thursday,2:20,Thursday,22:40,516
VR539,YYZ,ZRH,VR,Saturday,7:50,Saturday,23:21,814
GW540,YYZ,GLA,GW,Friday,4:20,Friday,15:44,122
QX541,YYZ,YOW,QX,Saturday,10:18,Saturday,16:18,851
JF542,YYZ,YAM,JF,Sunday,0:42,Sunday,14:35,888
9Q543,YYZ,YTS,9Q,Thursday,0:21,Thursday,17:8,799
FJ544,YYZ,CMH,FJ,Saturday,5:29,Saturday,13:24,628
KQ545,YYZ,LIR,KQ,Saturday,11:56,Saturday,23:31,747
PA546,YYZ,LGA,PA,Wednesday,7:25,Wednesday,15:25,776
CQ547,YYZ,GRU,CQ,Wednesday,10:39,Wednesday,14:37,300
IK548,YYZ,NAS,IK,Friday,8:13,Friday,23:0,410
B8549,YYZ,JED,B8,Wednesday,3:2,Wednesday,23:47,599
6E550,YYZ,VIE,6E,Tuesday,9:39,Tuesday,20:49,688
NH551,YYZ,LIR,NH,Saturday,6:40,Saturday,15:51,189
J9552,YYZ,JED,J9,Friday,4:27,Friday,23:15,431
DP553,YYZ,TPE,DP,Saturday,2:39,Saturday,15:45,313
C2554,YYZ,FLL,C2,Monday,9:36,Monday,13:33,371
RQ555,YYZ,PLS,RQ,Sunday,1:5,Sunday,16:49,938
PX556,YYZ,CCC,PX,Thursday,4:27,Thursday,22:47,757
RW557,YYZ,RSW,RW,Sunday,11:13,Sunday,21:10,931
PN558,YYZ,UVF,PN,Wednesday,4:23,Wednesday,21:0,708
5W559,YYZ,LIS,5W,Sunday,6:11,Sunday,20:16,755
8B560,YYZ,YQG,8B,Sunday,6:13,Sunday,20:12,933
5Z561,YYZ,YYC,5Z,Monday,9:51,Monday,13:32,582
W2562,YYZ,YQY,W2,Sunday,8:59,Sunday,21:23,371
4R563,YYZ,SFO,4R,Monday,6:39,Monday,15:4,788
2M564,YYZ,YMM,2M,Friday,10:9,Friday,16:26,107
YH565,YYZ,KHI,YH,Thursday,10:58,Thursday,13:51,680
GV566,YYZ,DUB,GV,Wednesday,7:11,Wednesday,16:40,906
GF567,YYZ,MCI,GF,Sunday,8:45,Sunday,18:30,488
B4568,YYZ,KEF,B4,Saturday,2:2,Saturday,19:2,922
NC569,YYZ,SXM,NC,Thursday,4:17,Thursday,22:24,674
BM570,YYZ,JFK,BM,Saturday,9:22,Saturday,13:50,878
TD571,YYZ,MCO,TD,Wednesday,7:55,Wednesday,19:34,776
8H572,YYZ,ATH,8H,Tuesday,10:48,Tuesday,13:48,149
B0573,YYZ,YYC,B0,Thursday,12:2,Thursday,14:29,240
TW574,YYZ,SXM,TW,Wednesday,6:13,Wednesday,14:42,623
F5575,YYZ,SYR,F5,Thursday,5:56,Thursday,15:40,382
RY576,YYZ,ADD,RY,Sunday,0:57,Sunday,20:43,843
P9577,YYZ,HOG,P9,Tuesday,1:14,Tuesday,23:11,423
T5578,YYZ,IND,T5,Wednesday,7:2,Wednesday,17:4,430
NP579,YYZ,YXU,NP,Friday,3:55,Friday,16:3,332
8L580,YYZ,SFO,8L,Sunday,1:39,Sunday,17:0,852
3G581,YYZ,YVR,3G,Tuesday,9:3,Tuesday,17:13,730
EK582,YYZ,YSB,EK,Thursday,0:32,Thursday,20:53,172
6G583,YYZ,FCO,6G,Tuesday,0:15,Tuesday,22:5,979
HU584,YYZ,VIE,HU,Friday,9:5,Friday,20:42,569
9X585,YYZ,CLE,9X,Tuesday,4:22,Tuesday,23:23,871
KQ586,YYZ,YHZ,KQ,Sunday,3:2,Sunday,23:6,985
LU587,YYZ,YQM,LU,Wednesday,12:58,Wednesday,19:52,473
R7588,YYZ,CDG,R7,Saturday,7:25,Saturday,15:14,903
2X589,YYZ,RSW,2X,Thursday,1:30,Thursday,19:23,790
7R590,YYZ,MSY,7R,Tuesday,2:31,Tuesday,19:42,981
5W591,YYZ,JFK,5W,Monday,11:18,Monday,19:37,999
NL592,YYZ,TPA,NL,Thursday,11:0,Thursday,22:5,388
YX593,YYZ,CLE,YX,Monday,3:20,Monday,14:23,360
S6594,YYZ,FLL,S6,Sunday,1:1,Sunday,23:50,602
FB595,YYZ,CLE,FB,Tuesday,0:54,Tuesday,20:30,144
VT596,YYZ,AMS,VT,Friday,1:0,Friday,14:23,363
TG597,YYZ,YQR,TG,Monday,1:33,Monday,18:9,610
RZ598,YYZ,MCI,RZ,Friday,2:28,Friday,18:58,570
V3599,YYZ,BRU,V3,Thursday,0:18,Thursday,16:12,626
L7600,YYZ,VKO,L7,Friday,12:9,Friday,18:58,292
JC601,YYZ,PHX,JC,Monday,6:27,Monday,14:7,878
B8602,YYZ,ISB,B8,Saturday,6:40,Saturday,16:47,570
CE603,YYZ,ORD,CE,Monday,8:15,Monday,18:14,224
9R604,YYZ,UVF,9R,Saturday,6:36,Saturday,17:40,943
6W605,YYZ,YSJ,6W,Wednesday,3:8,Wednesday,19:23,202
FN606,YYZ,MDT,FN,Thursday,10:47,Thursday,22:25,964
9I607,YYZ,ZRH,9I,Saturday,2:42,Saturday,16:47,108
EM608,YYZ,AUH,EM,Tuesday,7:56,Tuesday,22:8,515
C5609,YYZ,PVG,C5,Thursday,3:38,Thursday,19:40,723
2K610,YYZ,YEG,2K,Thursday,9:30,Thursday,22:44,225
6K611,YYZ,RSW,6K,Saturday,2:4,Saturday,19:58,322
W4612,YYZ,BNA,W4,Thursday,0:38,Thursday,19:11,955
HZ613,YYZ,YXU,HZ,Sunday,5:5,Sunday,22:14,162
R2614,YYZ,AMS,R2,Wednesday,8:39,Wednesday,21:14,737
IT615,YYZ,MSP,IT,Friday,12:16,Friday,14:45,294
TJ616,YYZ,NAS,TJ,Thursday,7:57,Thursday,13:35,487
HV617,YYZ,RDU,HV,Saturday,7:30,Saturday,18:30,287
HY618,YYZ,LAS,HY,Thursday,0:56,Thursday,13:14,365
PN619,YYZ,PIT,PN,Tuesday,4:14,Tuesday,15:52,715
8U620,YYZ,VCE,8U,Monday,10:19,Monday,19:34,455
CZ621,YYZ,MBJ,CZ,Monday,1:7,Monday,23:11,278
5Y622,YYZ,BGI,5Y,Thursday,5:42,Thursday,17:32,583
5H623,YYZ,GGT,5H,Sunday,11:17,Sunday,17:30,486
ZS624,YYZ,PHX,ZS,Thursday,0:32,Thursday,23:41,677
9E625,YYZ,YEG,9E,Monday,5:55,Monday,22:27,458
JD626,YYZ,YTS,JD,Tuesday,12:42,Tuesday,16:10,337
XY627,YYZ,NRT,XY,Wednesday,4:47,Wednesday,18:31,825
K6628,YYZ,CDG,K6,Saturday,2:7,Saturday,15:29,532
R4629,YYZ,CUN,R4,Monday,9:24,Monday,23:20,485
VU630,YYZ,SYR,VU,Wednesday,12:36,Wednesday,19:22,257
U8631,YYZ,TPA,U8,Thursday,7:30,Thursday,19:35,813
8T632,YYZ,YOW,8T,Thursday,10:21,Thursday,13:50,278
JE633,YYZ,ORD,JE,Sunday,7:39,Sunday,14:18,955
4Z634,YYZ,YMM,4Z,Monday,11:46,Monday,23:8,777
CV635,YYZ,CCC,CV,Sunday,3:59,Sunday,20:43,109
CN636,YYZ,ISB,CN,Saturday,8:59,Saturday,18:33,691
MS637,YYZ,BGI,MS,Thursday,12:27,Thursday,21:36,725
RV638,YYZ,BDA,RV,Sunday,5:55,Sunday,23:36,810
GK639,YYZ,DEN,GK,Sunday,5:6,Sunday,22:38,278
A5640,YYZ,LHE,A5,Friday,11:44,Friday,21:44,671
QZ641,YYZ,JFK,QZ,Wednesday,1:59,Wednesday,19:18,603
GG642,YYZ,MCI,GG,Wednesday,10:28,Wednesday,19:12,182
Q8643,YYZ,YZR,Q8,Sunday,10:3,Sunday,19:14,537
YT644,YYZ,NAS,YT,Wednesday,10:12,Wednesday,16:1,652
J7645,YYZ,ATL,J7,Tuesday,1:51,Tuesday,19:10,574
L7646,YYZ,FRA,L7,Saturday,0:25,Saturday,13:4,474
CG647,YYZ,IND,CG,Tuesday,8:38,Tuesday,20:0,916
WZ648,YYZ,GCM,WZ,Monday,4:44,Monday,23:8,391
CW649,YYZ,YTS,CW,Sunday,2:56,Sunday,20:48,613
VX650,YYZ,SVO,VX,Wednesday,3:35,Wednesday,19:43,967
FW651,YYZ,CMH,FW,Monday,4:21,Monday,17:52,539
UP652,YYZ,KIN,UP,Thursday,12:45,Thursday,23:28,980
4L653,YYZ,MYR,4L,Monday,11:39,Monday,15:44,418
RQ654,YYZ,IAD,RQ,Wednesday,2:41,Wednesday,20:39,646
HM655,YYZ,YQR,HM,Sunday,12:52,Sunday,16:30,790
HO656,YYZ,VIE,HO,Wednesday,0:5,Wednesday,19:19,432
2W657,YYZ,TPA,2W,Sunday,12:25,Sunday,22:43,686
HP658,YYZ,MEX,HP,Sunday,3:7,Sunday,23:34,556
KA659,YYZ,DCA,KA,Tuesday,1:4,Tuesday,16:45,345
TJ660,YYZ,YYB,TJ,Sunday,1:3,Sunday,14:51,797
JY661,YYZ,DCA,JY,Thursday,8:41,Thursday,22:39,696
D3662,YYZ,YDF,D3,Thursday,7:36,Thursday,21:6,551
MA663,YYZ,FLL,MA,Thursday,3:55,Thursday,21:24,709
VK664,YYZ,YDF,VK,Sunday,4:47,Sunday,23:19,564
BX665,YYZ,GGT,BX,Sunday,1:24,Sunday,23:9,381
B7666,YYZ,WAW,B7,Sunday,8:37,Sunday,14:0,979
FX667,YYZ,YQG,FX,Monday,12:40,Monday,16:1,734
DQ668,YYZ,LGA,DQ,Wednesday,9:30,Wednesday,14:22,681
XK669,YYZ,HKG,XK,Friday,8:21,Friday,17:14,195
XA670,YYZ,YQR,XA,Wednesday,9:27,Wednesday,23:18,856
HE671,YYZ,YUL,HE,Monday,3:8,Monday,17:7,960
RX672,YYZ,LAX,RX,Wednesday,3:33,Wednesday,16:47,508
WQ673,YYZ,BDA,WQ,Thursday,1:22,Thursday,17:47,814
D8674,YYZ,CLE,D8,Sunday,9:47,Sunday,18:4,810
Z4675,YYZ,GRU,Z4,Wednesday,9:48,Wednesday,17:0,707
Q3676,YYZ,PTY,Q3,Monday,10:22,Monday,15:44,270
5M677,YYZ,YYT,5M,Sunday,3:47,Sunday,17:58,959
T7678,YYZ,NAS,T7,Tuesday,0:53,Tuesday,14:10,854
H7679,YYZ,YZR,H7,Tuesday,3:53,Tuesday,23:5,149
AD680,YYZ,GRU,AD,Wednesday,8:28,Wednesday,16:13,272
LY681,YYZ,MSP,LY,Friday,8:42,Friday,15:48,636
8J682,YYZ,DFW,8J,Sunday,0:29,Sunday,21:14,386
7L683,YYZ,SEA,7L,Tuesday,6:59,Tuesday,16:40,285
R4684,YYZ,YGK,R4,Tuesday,3:18,Tuesday,13:34,507
8Z685,YYZ,YEG,8Z,Friday,10:49,Friday,15:59,973
I6686,YYZ,JFK,I6,Sunday,1:39,Sunday,20:3,709
G5687,YYZ,LIS,G5,Friday,3:4,Friday,18:8,902
3U688,YYZ,OPO,3U,Thursday,10:11,Thursday,14:44,212
PK689,YYZ,MBJ,PK,Friday,8:59,Friday,16:34,274
MP690,YYZ,BGI,MP,Wednesday,1:3,Wednesday,20:18,949
E3691,YYZ,PHX,E3,Thursday,11:12,Thursday,19:43,137
8R692,YYZ,YMM,8R,Tuesday,7:55,Tuesday,21:8,509
PJ693,YYZ,WAW,PJ,Sunday,7:44,Sunday,20:43,313
2Q694,YYZ,YUL,2Q,Saturday,5:50,Saturday,13:58,928
4Z695,YYZ,SFO,4Z,Tuesday,4:47,Tuesday,21:53,300
H6696,YYZ,KEF,H6,Monday,12:17,Monday,22:19,989
2S697,YYZ,YYT,2S,Thursday,0:2,Thursday,21:7,131
PC698,YYZ,SEA,PC,Tuesday,5:27,Tuesday,15:21,778
AG699,YYZ,ZRH,AG,Thursday,8:13,Thursday,21:25,464
2N700,YYZ,PVG,2N,Tuesday,0:23,Tuesday,20:48,387
G5701,YYZ,LAX,G5,Saturday,7:20,Saturday,20:32,914
7T702,YYZ,DEN,7T,Wednesday,3:2,Wednesday,21:9,443
ZX703,YYZ,PHX,ZX,Saturday,7:21,Saturday,23:26,997
E4704,YYZ,DTW,E4,Monday,8:17,Monday,19:21,693
DU705,YYZ,MDT,DU,Thursday,8:29,Thursday,20:31,474
ZE706,YYZ,IAD,ZE,Wednesday,11:38,Wednesday,21:21,994
2I707,YYZ,HAV,2I,Thursday,5:59,Thursday,21:55,600
5Q708,YYZ,CCC,5Q,Wednesday,0:50,Wednesday,13:20,631
MS709,YYZ,LAS,MS,Friday,12:8,Friday,17:32,457
B4710,YYZ,ISB,B4,Sunday,1:0,Sunday,21:56,225
E8711,YYZ,NRT,E8,Tuesday,0:18,Tuesday,17:49,720
V2712,YYZ,BDA,V2,Wednesday,7:5,Wednesday,20:3,253
Y8713,YYZ,AUH,Y8,Sunday,7:25,Sunday,16:34,195
2X714,YYZ,IND,2X,Friday,3:17,Friday,19:42,378
FI715,YYZ,ISB,FI,Friday,1:39,Friday,19:31,228
9K716,YYZ,MEX,9K,Monday,4:32,Monday,14:21,888
IO717,YYZ,YGK,IO,Friday,7:57,Friday,19:33,581
H6718,YYZ,RSW,H6,Tuesday,6:52,Tuesday,16:11,861
TC719,YYZ,ADD,TC,Saturday,7:34,Saturday,18:48,520
5C720,YYZ,YYG,5C,Friday,0:33,Friday,19:12,237
7M721,YYZ,CLE,7M,Monday,8:19,Monday,14:24,429
PS722,YYZ,PTY,PS,Friday,1:43,Friday,13:52,747
LC723,YYZ,CMH,LC,Sunday,9:8,Sunday,14:38,149
XZ724,YYZ,YXU,XZ,Tuesday,2:49,Tuesday,19:20,667
PF725,YYZ,LGA,PF,Tuesday,9:53,Tuesday,15:37,216
KN726,YYZ,MEX,KN,Wednesday,6:10,Wednesday,23:14,283
2N727,YYZ,ISB,2N,Thursday,7:16,Thursday,18:50,517
SW728,YYZ,MDT,SW,Saturday,11:35,Saturday,18:4,458
2N729,YYZ,SAN,2N,Friday,9:5,Friday,17:34,363
AJ730,YYZ,HOG,AJ,Tuesday,6:12,Tuesday,18:14,590
QA731,YYZ,STL,QA,Tuesday,4:22,Tuesday,14:49,758
J8732,YYZ,ATL,J8,Saturday,3:31,Saturday,17:15,847
SU733,YYZ,MYR,SU,Thursday,8:14,Thursday,18:39,355
QC734,YYZ,YZR,QC,Thursday,1:32,Thursday,20:42,471
FF735,YYZ,MSY,FF,Wednesday,4:44,Wednesday,14:31,254
JZ736,YYZ,GEO,JZ,Monday,12:1,Monday,14:8,329
YV737,YYZ,HKG,YV,Wednesday,2:26,Wednesday,19:5,422
VC738,YYZ,MYR,VC,Friday,12:35,Friday,22:20,754
U7739,YYZ,CUN,U7,Monday,0:52,Monday,22:14,715
F5740,YYZ,SVO,F5,Wednesday,6:24,Wednesday,21:9,294
DD741,YYZ,GGT,DD,Friday,12:50,Friday,20:24,432
NY742,YYZ,YQG,NY,Monday,0:53,Monday,19:0,498
LT743,YYZ,ICN,LT,Saturday,4:43,Saturday,20:28,488
FX744,YYZ,FCO,FX,Saturday,11:42,Saturday,18:24,287
6G745,YYZ,MUC,6G,Saturday,9:10,Saturday,15:37,108
LM746,YYZ,YQG,LM,Tuesday,6:3,Tuesday,14:32,191
BA747,YYZ,CVG,BA,Saturday,2:48,Saturday,13:43,203
VP748,YYZ,TLV,VP,Friday,5:6,Friday,23:40,551
UH749,YYZ,YVR,UH,Monday,11:33,Monday,20:38,942
MR750,YYZ,YEG,MR,Monday,2:5,Monday,18:5,140
5T751,YYZ,TPE,5T,Saturday,1:21,Saturday,23:43,211
D2752,YYZ,STL,D2,Saturday,12:19,Saturday,17:43,285
A6753,YYZ,WAW,A6,Monday,0:24,Monday,15:23,798
ON754,YYZ,PVG,ON,Tuesday,11:20,Tuesday,16:9,618
PJ755,YYZ,SXM,PJ,Sunday,5:58,Sunday,13:35,896
SE756,YYZ,YYB,SE,Monday,4:56,Monday,23:25,305
JW757,YYZ,BWI,JW,Saturday,4:32,Saturday,20:49,895
WY758,YYZ,BWI,WY,Thursday,2:42,Thursday,13:32,517
NN759,YYZ,UVF,NN,Thursday,10:40,Thursday,17:57,682
RT760,YYZ,LHE,RT,Monday,7:8,Monday,19:15,922
DO761,YYZ,IST,DO,Wednesday,7:19,Wednesday,14:25,778
BE762,YYZ,BWI,BE,Wednesday,12:0,Wednesday,16:20,629
6T763,YYZ,IND,6T,Thursday,12:48,Thursday,20:14,388
9S764,YYZ,POP,9S,Tuesday,12:57,Tuesday,23:32,696
4X765,YYZ,MSP,4X,Sunday,7:35,Sunday,15:2,829
UL766,YYZ,LHR,UL,Sunday,1:49,Sunday,18:29,863
M3767,YYZ,CUN,M3,Thursday,5:57,Thursday,15:4,978
W1768,YYZ,SYR,W1,Tuesday,11:7,Tuesday,18:12,434
JW769,YYZ,CLE,JW,Wednesday,2:6,Wednesday,21:56,960
VR770,YYZ,DEN,VR,Sunday,5:22,Sunday,13:29,751
WN771,YYZ,YVR,WN,Tuesday,6:22,Tuesday,16:38,573
TT772,YYZ,VIE,TT,Friday,7:33,Friday,20:19,850
GY773,YYZ,YMM,GY,Monday,0:37,Monday,23:22,802
DE774,YYZ,BGI,DE,Tuesday,7:59,Tuesday,14:34,420
DR775,YYZ,AMS,DR,Wednesday,0:15,Wednesday,17:20,692
HM776,YYZ,ANU,HM,Thursday,7:19,Thursday,20:44,403
4Z777,YYZ,HAV,4Z,Thursday,3:33,Thursday,16:15,902
DV778,YYZ,GGT,DV,Wednesday,11:43,Wednesday,13:8,105
2U779,YYZ,MAN,2U,Saturday,1:15,Saturday,22:50,447
LS780,YYZ,VRA,LS,Thursday,9:40,Thursday,13:47,377
5T781,YYZ,SAN,5T,Thursday,7:54,Thursday,23:16,459
8L782,YYZ,CCC,8L,Monday,12:43,Monday,21:57,474
EX783,YYZ,FLL,EX,Thursday,0:38,Thursday,20:26,214
SK784,YYZ,ICN,SK,Friday,4:58,Friday,13:29,859
OX785,YYZ,VKO,OX,Thursday,3:28,Thursday,17:17,648
U9786,YYZ,DTW,U9,Saturday,7:42,Saturday,20:31,296
AX787,YYZ,RDU,AX,Saturday,11:10,Saturday,15:21,196
JW788,YYZ,IAD,JW,Sunday,4:17,Sunday,15:1,110
NL789,YYZ,KEF,NL,Sunday,3:15,Sunday,16:34,441
RZ790,YYZ,YYC,RZ,Saturday,5:36,Saturday,22:19,973
UM791,YYZ,YYT,UM,Friday,10:10,Friday,17:58,283
PW792,YYZ,AUA,PW,Wednesday,12:0,Wednesday,14:11,724
R2793,YYZ,YYC,R2,Saturday,5:53,Saturday,19:5,303
C9794,YYZ,YZR,C9,Friday,10:38,Friday,21:33,851
XE795,YYZ,YVR,XE,Wednesday,0:36,Wednesday,15:48,672
VV796,YYZ,FLL,VV,Monday,2:37,Monday,13:46,382
PL797,YYZ,YMM,PL,Thursday,10:52,Thursday,23:38,555
JD798,YYZ,ADD,JD,Monday,0:9,Monday,20:3,882
R7799,YYZ,LHR,R7,Thursday,10:30,Thursday,14:43,355
4T800,YYZ,EWR,4T,Saturday,9:18,Saturday,18:25,825
T6801,YYZ,GEO,T6,Tuesday,3:58,Tuesday,17:33,251
F9802,YYZ,DXB,F9,Monday,6:50,Monday,14:59,403
V8803,YYZ,EWR,V8,Thursday,10:16,Thursday,21:31,599
9S804,YYZ,YYJ,9S,Thursday,4:59,Thursday,18:9,617
UU805,YYZ,YSB,UU,Sunday,8:32,Sunday,13:50,546
E5806,YYZ,BNA,E5,Sunday,4:16,Sunday,21:38,828
YC807,YYZ,KEF,YC,Monday,4:32,Monday,22:43,499
WU808,YYZ,YVR,WU,Wednesday,0:4,Wednesday,20:50,358
FN809,YYZ,PHL,FN,Sunday,6:16,Sunday,14:24,509
AB810,YYZ,LAX,AB,Wednesday,12:41,Wednesday,16:37,620
6G811,YYZ,GGT,6G,Thursday,6:23,Thursday,19:45,889
Z8812,YYZ,YXE,Z8,Saturday,6:56,Saturday,17:52,892
ZI813,YYZ,YWG,ZI,Saturday,12:20,Saturday,22:4,199
IO814,YYZ,LIS,IO,Friday,1:21,Friday,13:1,146
RZ815,YYZ,NAS,RZ,Thursday,10:47,Thursday,21:33,893
SK816,YYZ,DUB,SK,Friday,12:36,Friday,16:36,396
VC817,YYZ,LGW,VC,Tuesday,10:24,Tuesday,15:51,312
7F818,YYZ,ICN,7F,Saturday,6:2,Saturday,22:41,287
ZH819,YYZ,BNA,ZH,Monday,9:54,Monday,14:20,247
K2820,YYZ,MKE,K2,Wednesday,9:7,Wednesday,19:11,320
Z8821,YYZ,SXM,Z8,Wednesday,12:18,Wednesday,15:45,311
I3822,YYZ,CDG,I3,Saturday,3:34,Saturday,21:42,978
WY823,YYZ,YXU,WY,Saturday,2:42,Saturday,22:56,345
PX824,YYZ,VKO,PX,Tuesday,0:38,Tuesday,23:37,709
L4825,YYZ,YXU,L4,Wednesday,7:22,Wednesday,19:59,752
MZ826,YYZ,OPO,MZ,Sunday,6:6,Sunday,16:17,540
GL827,YYZ,BRU,GL,Thursday,9:12,Thursday,14:38,277
EN828,YYZ,IAD,EN,Wednesday,1:15,Wednesday,15:15,298
VO829,YYZ,CUN,VO,Friday,9:29,Friday,21:28,434
UK830,YYZ,TPE,UK,Tuesday,9:49,Tuesday,14:23,192
VQ831,YYZ,SAN,VQ,Friday,10:10,Friday,15:33,115
KH832,YYZ,GEO,KH,Friday,9:1,Friday,19:5,932
KB833,YYZ,SYR,KB,Thursday,0:36,Thursday,17:14,370
UH834,YYZ,SJO,UH,Sunday,7:36,Sunday,17:14,593
UR835,YYZ,YYG,UR,Wednesday,0:27,Wednesday,13:15,395
3O836,YYZ,LGA,3O,Friday,10:46,Friday,15:6,276
WG837,YYZ,GGT,WG,Wednesday,6:54,Wednesday,20:13,316
Y8838,YYZ,YVR,Y8,Monday,6:40,Monday,23:14,630
A2839,YYZ,AUH,A2,Monday,4:4,Monday,17:16,885
YS840,YYZ,ZRH,YS,Sunday,12:31,Sunday,14:16,391
PR841,YYZ,YYG,PR,Sunday,4:28,Sunday,15:15,758
RY842,YYZ,AZS,RY,Thursday,11:30,Thursday,23:20,920
TU843,YYZ,SAL,TU,Monday,11:48,Monday,14:8,232
GV844,YYZ,YGK,GV,Sunday,5:32,Sunday,16:7,728
XT845,YYZ,SJO,XT,Friday,1:24,Friday,22:21,619
C1846,YYZ,SYR,C1,Friday,8:24,Friday,20:39,170
M9847,YYZ,ICN,M9,Friday,4:54,Friday,21:32,840
4Z848,YYZ,YVR,4Z,Sunday,9:22,Sunday,23:28,626
5J849,YYZ,SXM,5J,Saturday,11:51,Saturday,14:14,218
YZ850,YYZ,DCA,YZ,Saturday,4:19,Saturday,17:21,904
IB851,YYZ,YYB,IB,Sunday,9:45,Sunday,21:32,872
U9852,YYZ,IND,U9,Monday,1:33,Monday,19:31,346
US853,YYZ,SJO,US,Thursday,12:27,Thursday,21:27,259
PS854,YYZ,BDA,PS,Wednesday,11:7,Wednesday,20:35,624
UZ855,YYZ,LGW,UZ,Thursday,5:57,Thursday,20:41,109
UK856,YYZ,YTS,UK,Saturday,8:19,Saturday,15:44,713
UI857,YYZ,YYB,UI,Tuesday,6:24,Tuesday,17:23,836
XP858,YYZ,ISB,XP,Sunday,7:8,Sunday,14:12,758
XJ859,YYZ,HKG,XJ,Monday,8:52,Monday,21:40,539
LT860,YYZ,ATL,LT,Thursday,4:20,Thursday,14:47,791
K6861,YYZ,CPH,K6,Thursday,5:29,Thursday,18:20,626
UW862,YYZ,CLT,UW,Monday,8:27,Monday,16:15,482
UU863,YYZ,KIN,UU,Saturday,6:43,Saturday,18:38,101
V2864,YYZ,SEA,V2,Saturday,5:6,Saturday,18:54,579
PC865,YYZ,PTY,PC,Sunday,12:37,Sunday,23:44,255
VH866,YYZ,LHE,VH,Thursday,2:18,Thursday,15:45,818
7T867,YYZ,POP,7T,Tuesday,2:7,Tuesday,13:22,792
L9868,YYZ,MAN,L9,Thursday,7:58,Thursday,17:55,676
DL869,YYZ,MYR,DL,Tuesday,5:22,Tuesday,18:45,632
TJ870,YYZ,YYC,TJ,Friday,11:1,Friday,15:6,442
WF871,YYZ,RSW,WF,Tuesday,1:31,Tuesday,22:51,648
5Y872,YYZ,ORD,5Y,Saturday,2:37,Saturday,17:48,390
H3873,YYZ,YQG,H3,Wednesday,3:48,Wednesday,22:26,280
W2874,YYZ,GND,W2,Sunday,7:35,Sunday,21:55,566
PT875,YYZ,DEN,PT,Thursday,5:27,Thursday,21:24,613
RS876,YYZ,YLW,RS,Sunday,10:58,Sunday,19:55,938
R2877,YYZ,MAN,R2,Friday,11:30,Friday,16:19,679
KE878,YYZ,EWR,KE,Sunday,1:58,Sunday,20:25,307
DO879,YYZ,YQB,DO,Tuesday,9:59,Tuesday,18:27,989
EZ880,YYZ,YQB,EZ,Friday,6:38,Friday,13:46,395
5Q881,YYZ,MKE,5Q,Tuesday,3:14,Tuesday,23:15,384
QV882,YYZ,SYR,QV,Tuesday,7:36,Tuesday,22:34,340
YL883,YYZ,NRT,YL,Saturday,8:42,Saturday,15:0,173
XM884,YYZ,CCC,XM,Wednesday,10:15,Wednesday,18:44,391
9R885,YYZ,ATH,9R,Wednesday,11:9,Wednesday,19:34,316
4T886,YYZ,TPA,4T,Monday,7:56,Monday,19:24,346
LG887,YYZ,MAN,LG,Sunday,10:41,Sunday,13:14,740
VJ888,YYZ,KIN,VJ,Monday,1:12,Monday,23:43,819
VI889,YYZ,YHZ,VI,Tuesday,12:59,Tuesday,14:22,655
HE890,YYZ,YLW,HE,Sunday,0:52,Sunday,15:7,257
GA891,YYZ,RDU,GA,Saturday,11:26,Saturday,15:58,999
Y5892,YYZ,YUL,Y5,Tuesday,5:24,Tuesday,19:39,253
I3893,YYZ,RSW,I3,Thursday,10:28,Thursday,15:44,165
IT894,YYZ,LAX,IT,Saturday,9:45,Saturday,17:13,528
DY895,YYZ,LAX,DY,Thursday,0:54,Thursday,16:50,905
XA896,YYZ,MUC,XA,Thursday,4:24,Thursday,16:45,907
TP897,YYZ,SAL,TP,Friday,0:43,Friday,21:44,784
UB898,YYZ,TPE,UB,Saturday,12:27,Saturday,15:46,705
JU899,YYZ,PDL,JU,Tuesday,1:0,Tuesday,15:23,878
A7900,YYZ,ORD,A7,Friday,7:55,Friday,20:16,587
S9901,YYZ,PIT,S9,Sunday,8:24,Sunday,14:0,248
ES902,YYZ,FRA,ES,Monday,8:25,Monday,19:1,166
OO903,YYZ,YMM,OO,Wednesday,11:54,Wednesday,17:6,879
XE904,YYZ,HOG,XE,Wednesday,11:42,Wednesday,14:52,130
E9905,YYZ,MCI,E9,Sunday,0:42,Sunday,17:12,126
G5906,YYZ,YQR,G5,Tuesday,10:11,Tuesday,15:44,204
N7907,YYZ,MUC,N7,Saturday,4:22,Saturday,17:17,878
JA908,YYZ,WAW,JA,Saturday,8:0,Saturday,22:45,758
ZP909,YYZ,GCM,ZP,Sunday,0:27,Sunday,16:57,358
FU910,YYZ,MYR,FU,Saturday,6:50,Saturday,13:54,519
AI911,YYZ,ISB,AI,Friday,9:13,Friday,14:48,973
G7912,YYZ,ICN,G7,Tuesday,3:52,Tuesday,21:31,727
AA913,YYZ,ANU,AA,Wednesday,1:47,Wednesday,14:7,345
IZ914,YYZ,IAH,IZ,Saturday,8:48,Saturday,18:19,670
FD915,YYZ,POP,FD,Friday,7:8,Friday,18:7,206
MI916,YYZ,EWR,MI,Tuesday,10:12,Tuesday,21:53,380
P4917,YYZ,GLA,P4,Monday,10:9,Monday,23:0,172
DN918,YYZ,IST,DN,Wednesday,2:36,Wednesday,21:25,779
C1919,YYZ,NAS,C1,Saturday,10:14,Saturday,17:55,943
PE920,YYZ,ORD,PE,Tuesday,5:56,Tuesday,22:10,767
NR921,YYZ,BRU,NR,Tuesday,5:50,Tuesday,15:9,722
LS922,YYZ,SFO,LS,Tuesday,6:56,Tuesday,20:55,687
I5923,YYZ,VKO,I5,Tuesday,1:53,Tuesday,19:48,269
IS924,YYZ,JFK,IS,Wednesday,0:53,Wednesday,22:38,182
ZE925,YYZ,HKG,ZE,Wednesday,6:48,Wednesday,13:3,196
HY926,YYZ,MAN,HY,Friday,6:27,Friday,19:32,286
LN927,YYZ,BDA,LN,Wednesday,6:36,Wednesday,19:16,521
PW928,YYZ,MEX,PW,Friday,8:23,Friday,16:53,163
S2929,YYZ,MKE,S2,Tuesday,0:29,Tuesday,21:14,735
MF930,YYZ,CAI,MF,Sunday,4:37,Sunday,23:27,507
JN931,YYZ,PIT,JN,Monday,1:17,Monday,15:21,783
J5932,YYZ,TPA,J5,Wednesday,6:11,Wednesday,13:21,956
NX933,YYZ,UVF,NX,Friday,6:7,Friday,14:46,569
ZH934,YYZ,MIA,ZH,Wednesday,2:59,Wednesday,19:48,390
EA935,YYZ,YMM,EA,Friday,4:30,Friday,23:33,881
E2936,YYZ,BDA,E2,Friday,12:56,Friday,17:4,302
SO937,YYZ,SVO,SO,Friday,4:23,Friday,16:36,112
WF938,YYZ,KEF,WF,Thursday,0:25,Thursday,21:39,336
MW939,YYZ,BGI,MW,Sunday,7:28,Sunday,23:36,681
WX940,YYZ,LIM,WX,Monday,7:33,Monday,20:7,495
OJ941,YYZ,LIR,OJ,Saturday,8:22,Saturday,13:52,119
LX942,YYZ,CDG,LX,Sunday,11:50,Sunday,17:4,944
3U943,YYZ,POP,3U,Friday,2:56,Friday,18:48,780
IY944,YYZ,POS,IY,Monday,5:36,Monday,13:52,262
MZ945,YYZ,LAS,MZ,Saturday,10:22,Saturday,17:42,625
CF946,YYZ,GEO,CF,Wednesday,0:39,Wednesday,18:38,726
8O947,YYZ,IND,8O,Tuesday,12:6,Tuesday,13:12,121
U5948,YYZ,YDF,U5,Thursday,7:15,Thursday,21:3,287
WJ949,YYZ,PVG,WJ,Tuesday,1:1,Tuesday,23:37,625
HT950,YYZ,NRT,HT,Wednesday,2:56,Wednesday,16:6,876
JK951,YYZ,IAH,JK,Tuesday,2:4,Tuesday,23:33,511
6W952,YYZ,YEG,6W,Tuesday,7:4,Tuesday,19:11,382
1B953,YYZ,TPE,1B,Wednesday,0:7,Wednesday,22:0,106
P8954,YYZ,MBJ,P8,Wednesday,12:57,Wednesday,20:18,183
LQ955,YYZ,EWR,LQ,Wednesday,8:58,Wednesday,17:31,329
Q8956,YYZ,MSP,Q8,Wednesday,2:7,Wednesday,20:54,368
2O957,YYZ,CDG,2O,Wednesday,11:24,Wednesday,17:17,876
3R958,YYZ,MCI,3R,Thursday,4:58,Thursday,23:36,743
OA959,YYZ,FRA,OA,Monday,0:48,Monday,19:53,710
7O960,YYZ,ADD,7O,Monday,3:32,Monday,16:45,361
YM961,YYZ,PLS,YM,Sunday,5:3,Sunday,13:57,364
OI962,YYZ,MSP,OI,Friday,9:53,Friday,13:51,469
VT963,YYZ,OPO,VT,Saturday,5:46,Saturday,18:51,243
DB964,YYZ,MCI,DB,Friday,6:38,Friday,20:37,542
HY965,YYZ,YYB,HY,Thursday,8:34,Thursday,22:18,696
LA966,YYZ,CVG,LA,Tuesday,6:29,Tuesday,19:47,210
GH967,YYZ,ANU,GH,Wednesday,5:39,Wednesday,17:4,620
8L968,YYZ,PEK,8L,Friday,10:6,Friday,17:2,427
S1969,YYZ,PVG,S1,Saturday,8:19,Saturday,13:0,828
IF970,YYZ,STL,IF,Wednesday,6:10,Wednesday,14:16,893
GH971,YYZ,YSJ,GH,Saturday,1:53,Saturday,23:29,771
WX972,YYZ,LAS,WX,Saturday,12:31,Saturday,22:17,517
LS973,YYZ,PIT,LS,Monday,8:7,Monday,14:28,134
LQ974,YYZ,AZS,LQ,Friday,6:32,Friday,21:48,264
RT975,YYZ,VKO,RT,Tuesday,11:20,Tuesday,20:41,195
KX976,YYZ,BDA,KX,Friday,0:59,Friday,22:53,534
X3977,YYZ,UVF,X3,Tuesday,3:5,Tuesday,23:41,973
UE978,YYZ,POS,UE,Saturday,11:32,Saturday,15:3,164
2K979,YYZ,GCM,2K,Monday,5:56,Monday,17:59,335
XG980,YYZ,YWG,XG,Tuesday,11:17,Tuesday,16:53,178
N8981,YYZ,CDG,N8,Wednesday,11:23,Wednesday,15:58,144
DA982,YYZ,LIS,DA,Tuesday,12:57,Tuesday,19:56,573
Z2983,YYZ,YXE,Z2,Thursday,1:0,Thursday,13:50,281
XR984,YYZ,BCN,XR,Friday,7:42,Friday,20:17,595
IJ985,YYZ,YHZ,IJ,Tuesday,6:41,Tuesday,18:58,983
A7986,YYZ,PVG,A7,Saturday,4:55,Saturday,16:7,543
S4987,YYZ,ORD,S4,Thursday,0:43,Thursday,14:50,424
Z5988,YYZ,YSJ,Z5,Tuesday,1:56,Tuesday,20:12,458
PZ989,YYZ,AMS,PZ,Tuesday,12:41,Tuesday,18:51,748
AP990,YYZ,ORD,AP,Tuesday,2:25,Tuesday,23:15,430
9L991,YYZ,LHE,9L,Tuesday,8:58,Tuesday,19:4,500
PP992,YYZ,SNU,PP,Tuesday,0:23,Tuesday,21:44,791
QT993,YYZ,YYG,QT,Friday,8:42,Friday,19:53,806
1E994,YYZ,VIE,1E,Tuesday,11:50,Tuesday,17:8,721
7B995,YYZ,YYJ,7B,Saturday,10:37,Saturday,20:50,602
QY996,YYZ,BOS,QY,Monday,5:40,Monday,17:4,569
3W997,YYZ,CCC,3W,Saturday,3:7,Saturday,22:9,504
ZI998,YYZ,YLW,ZI,Thursday,7:44,Thursday,21:0,297
6R999,YYZ,KEF,6R,Saturday,1:40,Saturday,14:45,373
